{
	"httpfs": {
		"title": "Rosy File Server",
		"order": 5,
		"setuser": "root",
		"setgroup": "root",
		"action": {
			"type": "firstchild"
		},
		"depends": {
			"acl": [ "luci-app-rosy-file-server" ],
			"uci": { "rosyfs": true }
		}
	},

	"httpfs/rosy-file-server": {
		"title": "Rosy File Server",
		"order": 1,
		"action": {
			"type": "form",
			"path": "rosy-file-server/rosy-file-server",
			"post": { "cbi.submit": true }
		}
	},

	"admin/services/rosyfs": {
		"title": "Rosy File Server",
		"order": 61,
		"action": {
			"type": "cbi",
			"path": "rosy-file-server/rosyfs",
			"post": { "cbi.submit": true }
		}
	}
}
