{
	"admin/services/nlbw": {
		"title": "Bandwidth Monitor",
		"order": 80,
		"action": {
			"type": "alias",
			"path": "admin/services/nlbw/display"
		},
		"depends": {
			"acl": [ "luci-app-nlbwmon" ],
			"uci": { "nlbwmon": true }
		}
	},

	"admin/services/nlbw/display": {
		"title": "Display",
		"order": 10,
		"action": {
			"type": "view",
			"path": "nlbw/display"
		}
	},

	"admin/services/nlbw/config": {
		"title": "Configuration",
		"order": 20,
		"action": {
			"type": "view",
			"path": "nlbw/config"
		}
	},

	"admin/services/nlbw/backup": {
		"title": "Backup",
		"order": 30,
		"action": {
			"type": "view",
			"path": "nlbw/backup"
		}
	}
}
